{"eval/reward": 0, "eval/Average_reward": 0.0, "eval/timestep": 36000, "eval/Q-value": 0.2518108304321766, "_timestamp": 1712656410.6884818, "_runtime": 8204.726788759232, "_step": 36000, "_wandb": {"runtime": 8484}}